{
    "$schema": "https://schema.management.azure.com/schemas/2015-01-01/deploymentParameters.json#",
    "contentVersion": "1.0.0.0",
    "parameters": {
        "botId": {
            "value": "healthmate"
        },
        "appType": {
            "value": "UserAssignedMSI"
        },
        "msAppId": {
            "value": ""
        },
        "msAppPassword": {
            "value": ""
        },
        "tenantId": {
            "value": ""
        },
        "msiResourceId": {
            "value": ""
        },
        "resourceTags": {
            "value": {
                "Microsoft.BotService/botServices": {
                    "Project": "Dev Hackathon"
                }
            }
        }
    }
}