{
    "$schema": "https://schema.management.azure.com/schemas/2015-01-01/deploymentParameters.json#",
    "contentVersion": "1.0.0.0",
    "parameters": {
        "name": {
            "value": "HealtMateLanguageProcessing"
        },
        "location": {
            "value": "westus2"
        },
        "sku": {
            "value": "S0"
        },
        "resourceGroupName": {
            "value": "HealthMate"
        },
        "resourceGroupId": {
            "value": "/subscriptions/7cd0ea86-0645-4a17-9801-f0d562462137/resourceGroups/HealthMate"
        },
        "tagValues": {
            "value": {
                "Microsoft.CognitiveServices/accounts": {
                    "Project": "DEV Hackathon"
                }
            }
        },
        "vnet": {
            "value": {}
        },
        "ipRules": {
            "value": []
        },
        "virtualNetworkType": {
            "value": "None"
        },
        "identity": {
            "value": {
                "type": "None"
            }
        },
        "privateEndpoints": {
            "value": []
        },
        "isCommitmentPlanForDisconnectedContainerEnabledForSTT": {
            "value": false
        },
        "commitmentPlanForDisconnectedContainerForSTT": {
            "value": {
                "current": {},
                "hostingModel": "DisconnectedContainer",
                "planType": "STT",
                "autoRenew": true
            }
        }
    }
}